happymod baixar,1,google
happymod baixar grátis,2,google
happymod baixar apk,3,google
happymod baixar 2022,4,google
happymod baixar minecraft,5,google
happymod baixar toca life world,6,google
happymod baixar ios,7,google
happymod baixar 2023,8,google
happymod baixar toca life,9,google
happymod baixar apkpure,10,google
happymod baixar agora,2,google
happymod baixar atualizado 2023,3,google
happymod download apk,4,google
happymod download apk vision,5,google
happymod download android,6,google
happymod download apple,7,google
happymod download apk ios,8,google
happymod download app store,9,google
happymod download apk uptodown,10,google
happymod download bluestacks,1,google
happymod download by uptodown,2,google
happymod apk download,3,google
happymod bgmi download,4,google
happymod download brawl stars,5,google
happymod descargar baseball 9,6,google
happymod download barbie dreamhouse adventures,7,google
happymod download bully,8,google
how can i download happymod on my iphone,9,google
how do i download happymod on ios,10,google
happymod baixar.com,1,google
happymod download.com,2,google
happymod download car parking multiplayer,3,google
happymod download chromebook,4,google
happymod download computer,5,google
happymod download cheat,6,google
happymod download car parking,7,google
happymod download clash of clans,8,google
happymod download car simulator 2,9,google
happymod download chrome,10,google
happymod download dimana,1,google
download the happymod,2,google
download happymod in apkpure,3,google
download happymod di google,4,google
happymod de descargar,5,google
fast download happymod,6,google
happy mod di download,7,google
happymod download baixar,8,google
happymod download exe,1,google
happymod descargar en iphone,2,google
happymod descargar en play store,3,google
happymod descargar en android,4,google
happymod descargar en pc,5,google
happymod descargar en uptodown,6,google
happymod descargar en ios,7,google
descargar happymod en malavida,8,google
happymod download for pc,1,google
happymod download free,2,google
happymod download for ios,3,google
happymod download for pc windows 10,4,google
happymod download for iphone,5,google
happymod download for pc windows 7,6,google
happymod download free money,7,google
happymod download for laptop,8,google
happymod download for apk,9,google
happymod download for chromebook,10,google
happymod download gta san andreas,2,google
happymod download gta 5,3,google
happymod download game,4,google
happymod download gta vice city,5,google
happymod download google play,6,google
happymod download google,7,google
happymod download gta 3,8,google
happymod download geometry dash,9,google
happymod descargar gratis,10,google
happymod download hack,1,google
happymod download,2,google
download happymod hack apk,3,google
happymod hack app download,4,google
is it safe to download happymod,7,google
can you download happymod on ios,8,google
happymod download ios,1,google
happymod download iphone,2,google
happymod download ios 16,3,google
happymod download ipad,4,google
happymod download iphone 7,5,google
happymod download in play store,6,google
happymod download ios 12,7,google
happymod download iphone 8,8,google
happymod download install,9,google
happymod download ipa,10,google
happymod descargar juegos hackeados,1,google
happymod descargar juegos,2,google
download happymod jojoy,3,google
descargar happymod japi mod,4,google
happymod para baixar jogo de graça,5,google
happymod que dá para baixar jogo,6,google
can i download happymod on pc,10,google
happymod download karna hai,1,google
happymod download kaise karte hain,2,google
happymod download karen,3,google
happymod download karne ka tarika,4,google
happymod kaise download karen,5,google
happymod download kar do,6,google
can you download happymod on ipad,10,google
baixar happymod link direto,1,google
happymod download latest version,2,google
happymod download latest,3,google
happymod download location,4,google
happymod download laptop,5,google
happymod download link description,6,google
happymod download link ios,7,google
happymod download minecraft 1.18.30,2,google
happymod download mp3,3,google
happymod download mobile,4,google
happymod download manok na pula,5,google
happymod download mac,6,google
happymod download microsoft,7,google
happymod movie download,8,google
happymod music download,9,google
happymod download mod apk,10,google
happymod download new version 2022,1,google
happymod download now,2,google
happymod download new version 2023,3,google
happymod download nba 2k20,4,google
happymod download not working,5,google
happymod download new update,6,google
happymod download netflix,7,google
happymod normal download,8,google
happymod download nova versão,9,google
download happymod no ads,10,google
happymod download old version,1,google
happymod download on ios,2,google
happymod download on pc,3,google
happymod download official,4,google
happymod download on iphone,5,google
happymod download on play store,6,google
happymod download on laptop,7,google
happymod download on ipad,8,google
happymod download on apple,9,google
happymod baixar pc,1,google
happymod baixar para iphone,2,google
happymod baixar para android,3,google
happymod baixar para pc,4,google
happymod baixar para ios,5,google
happymod download play store,6,google
happymod download pc,7,google
happymod download profile ios,8,google
happymod para baixar,10,google
qual happymod baixar,2,google
how to download happymod on ios,6,google
happymod download roblox,1,google
happymod download real,2,google
happymod download reddit,3,google
happymod ringtone download,4,google
happymod download redmi,5,google
happymod download apk mod,6,google
download happymod raja apk,7,google
happymod download rápido,8,google
happymod download robux,9,google
baixar happymod versão mais recente,10,google
happymod download softonic,1,google
happymod download spotify,2,google
happymod download safe,3,google
happymod status download,5,google
happymod slow download,6,google
happymod status download mirchi,7,google
happymod download samsung,8,google
happymod download toca boca,3,google
happymod download toca world,4,google
happymod download tutorial,5,google
happymod download to ios,6,google
happymod download tv,7,google
happymod download trader life simulator,8,google
happymod to download,9,google
happymod tm download,10,google
happymod download uptodown,1,google
happymod download update,2,google
happymod download unlimited money,3,google
happymod download unblocked,4,google
download happymod updated version,6,google
happymod descargar ultima version,7,google
happymod descargar uptodown,8,google
happymod descargar ultima version 2022,9,google
happymod download version,1,google
happymod download video,2,google
happymod vpn download,3,google
download happymod version 2.3 1,4,google
happymod download versão antiga,5,google
happymod download versão mais recente,6,google
download happymod versi lama,7,google
download - happymod version 2.4 0,8,google
descargar happymod viejo,9,google
download happymod versi baru,10,google
happymod download windows,1,google
happymod download windows 7,2,google
happymod download windows 11,3,google
happymod download whatsapp,4,google
happymod without download,5,google
happy mod website download,6,google
happy mod won't download,7,google
happymod baixar xd,1,google
happymod baixar xda,2,google
happymod baixar xciptv,3,google
happymod baixar xiaomi,4,google
happymod baixar xml,5,google
download happymod yang asli,1,google
download happymod yang terbaru,2,google
download happymod yang ada tanda petir,3,google
download happymod yang baru,4,google
how do i download happymod,8,google
happymod download zip,1,google
how do i install happymod on my iphone,5,google
